ledger_id,payment_id,date,type,amount
LED0001,PAY0001,2026-08-11,CREDIT,750
LED0002,PAY0002,2026-08-01,CREDIT,2500
LED0003,PAY0003,2026-08-04,CREDIT,1500
LED0004,PAY0004,2026-08-03,CREDIT,750
LED0005,PAY0005,2026-08-11,CREDIT,15000
LED0006,PAY0006,2026-08-02,CREDIT,20000
LED0007,PAY0007,2026-08-07,CREDIT,500
LED0008,PAY0008,2026-08-01,CREDIT,750
LED0009,PAY0009,2026-08-04,CREDIT,1500
LED0010,PAY0010,2026-08-09,CREDIT,20000
LED0011,PAY0011,2026-08-01,CREDIT,15000
LED0012,PAY0012,2026-08-04,CREDIT,15000
LED0013,PAY0013,2026-08-07,CREDIT,1500
LED0014,PAY0014,2026-08-08,CREDIT,20000
LED0015,PAY0015,2026-08-05,CREDIT,500
LED0016,PAY0016,2026-08-03,CREDIT,7500
LED0017,PAY0017,2026-08-06,CREDIT,2500
LED0018,PAY0018,2026-08-03,CREDIT,1500
LED0019,PAY0019,2026-08-06,CREDIT,750
LED0020,PAY0020,2026-08-02,CREDIT,7500
LED0021,PAY0021,2026-08-02,CREDIT,5000
LED0022,PAY0022,2026-08-06,CREDIT,20000
LED0023,PAY0023,2026-08-05,CREDIT,500
LED0024,PAY0024,2026-08-08,CREDIT,15000
LED0025,PAY0025,2026-08-02,CREDIT,7500
LED0026,PAY0026,2026-08-02,CREDIT,15000
LED0027,PAY0027,2026-08-05,CREDIT,20000
LED0028,PAY0028,2026-08-06,CREDIT,20000
LED0029,PAY0029,2026-08-04,CREDIT,750
LED0030,PAY0030,2026-08-01,CREDIT,1500
LED0031,PAY0031,2026-08-05,CREDIT,750
LED0032,PAY0032,2026-08-04,CREDIT,750
LED0033,PAY0033,2026-08-07,CREDIT,2500
LED0034,PAY0034,2026-08-08,CREDIT,5000
LED0035,PAY0035,2026-08-03,CREDIT,5000
LED0036,PAY0036,2026-08-06,CREDIT,1500
LED0037,PAY0037,2026-08-11,CREDIT,2500
LED0038,PAY0038,2026-08-11,CREDIT,750
LED0039,PAY0039,2026-08-10,CREDIT,1000
LED0040,PAY0040,2026-08-09,CREDIT,1500
LED0041,PAY0041,2026-08-03,CREDIT,10000
LED0042,PAY0042,2026-08-07,CREDIT,2500
LED0043,PAY0043,2026-08-11,CREDIT,15000
LED0044,PAY0044,2026-08-04,CREDIT,5000
LED0045,PAY0045,2026-08-01,CREDIT,1500
LED0046,PAY0046,2026-08-01,CREDIT,5000
LED0047,PAY0047,2026-08-07,CREDIT,2500
LED0048,PAY0048,2026-08-02,CREDIT,1500
LED0049,PAY0049,2026-08-10,CREDIT,5000
LED0050,PAY0050,2026-08-04,CREDIT,10000
LED0051,PAY0051,2026-08-07,CREDIT,10000
LED0052,PAY0052,2026-08-03,CREDIT,2500
LED0053,PAY0053,2026-08-03,CREDIT,1500
LED0054,PAY0054,2026-08-09,CREDIT,15000
LED0055,PAY0055,2026-08-05,CREDIT,20000
LED0056,PAY0056,2026-08-07,CREDIT,20000
LED0057,PAY0057,2026-08-07,CREDIT,5000
LED0058,PAY0058,2026-08-04,CREDIT,1000
LED0059,PAY0059,2026-08-09,CREDIT,10000
LED0060,PAY0060,2026-08-02,CREDIT,500
LED0061,PAY0061,2026-08-02,CREDIT,1000
LED0062,PAY0062,2026-08-11,CREDIT,1000
LED0063,PAY0063,2026-08-11,CREDIT,7500
LED0064,PAY0064,2026-08-10,CREDIT,750
LED0065,PAY0065,2026-08-07,CREDIT,7500
LED0066,PAY0066,2026-08-10,CREDIT,10000
LED0067,PAY0067,2026-08-09,CREDIT,2500
LED0068,PAY0068,2026-08-09,CREDIT,500
LED0069,PAY0069,2026-08-11,CREDIT,750
LED0070,PAY0070,2026-08-11,CREDIT,15000
LED0071,PAY0071,2026-08-05,CREDIT,5000
LED0072,PAY0072,2026-08-02,CREDIT,2500
LED0073,PAY0073,2026-08-07,CREDIT,1000
LED0074,PAY0074,2026-08-08,CREDIT,500
LED0075,PAY0075,2026-08-05,CREDIT,15000
LED0076,PAY0076,2026-08-03,CREDIT,15000
LED0077,PAY0077,2026-08-02,CREDIT,2500
LED0078,PAY0078,2026-08-11,CREDIT,15000
LED0079,PAY0079,2026-08-10,CREDIT,1500
LED0080,PAY0080,2026-08-03,CREDIT,5000
LED0081,PAY0081,2026-08-03,CREDIT,15000
LED0082,PAY0082,2026-08-09,CREDIT,500
LED0083,PAY0083,2026-08-10,CREDIT,5000
LED0084,PAY0084,2026-08-08,CREDIT,500
LED0085,PAY0085,2026-08-02,CREDIT,5000
LED0086,PAY0086,2026-08-05,CREDIT,1500
LED0087,PAY0087,2026-08-01,CREDIT,1500
LED0088,PAY0088,2026-08-10,CREDIT,750
LED0089,PAY0089,2026-08-02,CREDIT,10000
LED0090,PAY0090,2026-08-02,CREDIT,15000
LED0091,PAY0091,2026-08-03,CREDIT,1000
LED0092,PAY0092,2026-08-11,CREDIT,10000
LED0093,PAY0093,2026-08-09,CREDIT,1000
LED0094,PAY0094,2026-08-05,CREDIT,15000
LED0095,PAY0095,2026-08-10,CREDIT,7500
LED0096,PAY0096,2026-08-04,CREDIT,15000
LED0097,PAY0097,2026-08-04,CREDIT,2500
LED0098,PAY0098,2026-08-07,CREDIT,5000
LED0099,PAY0099,2026-08-08,CREDIT,15000
LED0100,PAY0100,2026-08-08,CREDIT,750
LED0101,PAY0101,2026-08-04,CREDIT,1500
LED0102,PAY0102,2026-08-02,CREDIT,5000
LED0103,PAY0103,2026-08-01,CREDIT,20000
LED0104,PAY0104,2026-08-09,CREDIT,1500
LED0105,PAY0105,2026-08-10,CREDIT,1500
LED0106,PAY0106,2026-08-01,CREDIT,750
LED0107,PAY0107,2026-08-11,CREDIT,500
LED0108,PAY0108,2026-08-04,CREDIT,750
LED0109,PAY0109,2026-08-01,CREDIT,5000
LED0110,PAY0110,2026-08-02,CREDIT,15000
LED0111,PAY0111,2026-08-04,CREDIT,2500
LED0112,PAY0112,2026-08-11,CREDIT,10000
LED0113,PAY0113,2026-08-04,CREDIT,15000
LED0114,PAY0114,2026-08-03,CREDIT,20000
LED0115,PAY0115,2026-08-10,CREDIT,10000
LED0116,PAY0116,2026-08-04,CREDIT,10000
LED0117,PAY0117,2026-08-07,CREDIT,1500
LED0118,PAY0118,2026-08-02,CREDIT,750
LED0119,PAY0119,2026-08-11,CREDIT,7500
LED0120,PAY0120,2026-08-06,CREDIT,7500
LED0121,PAY0121,2026-08-07,CREDIT,10000
LED0122,PAY0122,2026-08-01,CREDIT,750
LED0123,PAY0123,2026-08-01,CREDIT,7500
LED0124,PAY0124,2026-08-06,CREDIT,750
LED0125,PAY0125,2026-08-04,CREDIT,1500
LED0126,PAY0126,2026-08-04,CREDIT,15000
LED0127,PAY0127,2026-08-08,CREDIT,1000
LED0128,PAY0128,2026-08-07,CREDIT,1000
LED0129,PAY0129,2026-08-05,CREDIT,10000
LED0130,PAY0130,2026-08-04,CREDIT,750
LED0131,PAY0131,2026-08-08,CREDIT,15000
LED0132,PAY0132,2026-08-02,CREDIT,500
LED0133,PAY0133,2026-08-11,CREDIT,15000
LED0134,PAY0134,2026-08-01,CREDIT,750
LED0135,PAY0135,2026-08-04,CREDIT,1000
LED0136,PAY0136,2026-08-07,CREDIT,10000
LED0137,PAY0137,2026-08-08,CREDIT,1500
LED0138,PAY0138,2026-08-07,CREDIT,500
LED0139,PAY0139,2026-08-03,CREDIT,7500
LED0140,PAY0140,2026-08-01,CREDIT,7500
LED0141,PAY0141,2026-08-05,CREDIT,10000
LED0142,PAY0142,2026-08-05,CREDIT,7500
LED0143,PAY0143,2026-08-09,CREDIT,10000
LED0144,PAY0144,2026-08-03,CREDIT,1500
LED0145,PAY0145,2026-08-05,CREDIT,1500
LED0146,PAY0146,2026-08-01,CREDIT,20000
LED0147,PAY0147,2026-08-09,CREDIT,500
LED0148,PAY0148,2026-08-06,CREDIT,500
LED0149,PAY0149,2026-08-01,CREDIT,20000
LED0150,PAY0150,2026-08-08,CREDIT,15000
LED0151,PAY0151,2026-08-09,CREDIT,1000
LED0152,PAY0152,2026-08-01,CREDIT,15000
LED0153,PAY0153,2026-08-02,CREDIT,1000
LED0154,PAY0154,2026-08-02,CREDIT,20000
LED0155,PAY0155,2026-08-02,CREDIT,1500
LED0156,PAY0156,2026-08-07,CREDIT,750
LED0157,PAY0157,2026-08-10,CREDIT,1500
LED0158,PAY0158,2026-08-10,CREDIT,20000
LED0159,PAY0159,2026-08-01,CREDIT,20000
LED0160,PAY0160,2026-08-02,CREDIT,7500
LED0161,PAY0161,2026-08-11,CREDIT,20000
LED0162,PAY0162,2026-08-10,CREDIT,15000
LED0163,PAY0163,2026-08-06,CREDIT,2500
LED0164,PAY0164,2026-08-04,CREDIT,5000
LED0165,PAY0165,2026-08-04,CREDIT,2500
LED0166,PAY0166,2026-08-07,CREDIT,1000
LED0167,PAY0167,2026-08-11,CREDIT,2500
LED0168,PAY0168,2026-08-08,CREDIT,5000
LED0169,PAY0169,2026-08-02,CREDIT,500
LED0170,PAY0170,2026-08-08,CREDIT,20000
LED0171,PAY0171,2026-08-10,CREDIT,750
LED0172,PAY0172,2026-08-02,CREDIT,15000
LED0173,PAY0173,2026-08-04,CREDIT,15000
LED0174,PAY0174,2026-08-05,CREDIT,1000
LED0175,PAY0175,2026-08-06,CREDIT,750
LED0176,PAY0176,2026-08-04,CREDIT,5000
LED0177,PAY0177,2026-08-05,CREDIT,1000
LED0178,PAY0178,2026-08-08,CREDIT,15000
LED0179,PAY0179,2026-08-05,CREDIT,20000
LED0180,PAY0180,2026-08-11,CREDIT,15000
LED0181,PAY0181,2026-08-01,CREDIT,15000
LED0182,PAY0182,2026-08-05,CREDIT,750
LED0183,PAY0183,2026-08-03,CREDIT,2500
LED0184,PAY0184,2026-08-02,CREDIT,750
LED0185,PAY0185,2026-08-09,CREDIT,1000
LED0186,PAY0186,2026-08-05,CREDIT,2500
LED0187,PAY0187,2026-08-10,CREDIT,1500
LED0188,PAY0188,2026-08-06,CREDIT,1500
LED0189,PAY0189,2026-08-11,CREDIT,2500
LED0190,PAY0190,2026-08-09,CREDIT,10000
LED0191,PAY0191,2026-08-05,CREDIT,500
LED0192,PAY0192,2026-08-02,CREDIT,7500
LED0193,PAY0193,2026-08-05,CREDIT,500
LED0194,PAY0194,2026-08-01,CREDIT,5000
LED0195,PAY0195,2026-08-03,CREDIT,2500
LED0196,PAY0196,2026-08-03,CREDIT,10000
LED0197,PAY0197,2026-08-09,CREDIT,7500
LED0198,PAY0198,2026-08-09,CREDIT,500
LED0199,PAY0199,2026-08-02,CREDIT,750
LED0200,PAY0200,2026-08-03,CREDIT,15000
LED0201,PAY0201,2026-08-01,CREDIT,5000
LED0202,PAY0202,2026-08-10,CREDIT,15000
LED0203,PAY0203,2026-08-03,CREDIT,7500
LED0204,PAY0204,2026-08-03,CREDIT,500
LED0205,PAY0205,2026-08-05,CREDIT,5000
LED0206,PAY0206,2026-08-01,CREDIT,5000
LED0207,PAY0207,2026-08-04,CREDIT,1500
LED0208,PAY0208,2026-08-11,CREDIT,750
LED0209,PAY0209,2026-08-06,CREDIT,15000
LED0210,PAY0210,2026-08-07,CREDIT,20000
LED0211,PAY0211,2026-08-03,CREDIT,1500
LED0212,PAY0212,2026-08-03,CREDIT,1000
LED0213,PAY0213,2026-08-07,CREDIT,500
LED0214,PAY0214,2026-08-03,CREDIT,5000
LED0215,PAY0215,2026-08-07,CREDIT,1500
LED0216,PAY0216,2026-08-05,CREDIT,1000
LED0217,PAY0217,2026-08-02,CREDIT,7500
LED0218,PAY0218,2026-08-01,CREDIT,10000
LED0219,PAY0219,2026-08-04,CREDIT,1500
LED0220,PAY0220,2026-08-08,CREDIT,5000
LED0221,PAY0221,2026-08-05,CREDIT,1500
LED0222,PAY0222,2026-08-04,CREDIT,500
LED0223,PAY0223,2026-08-11,CREDIT,1500
LED0224,PAY0224,2026-08-07,CREDIT,5000
LED0225,PAY0225,2026-08-05,CREDIT,750
LED0226,PAY0226,2026-08-05,CREDIT,5000
LED0227,PAY0227,2026-08-11,CREDIT,15000
LED0228,PAY0228,2026-08-07,CREDIT,15000
LED0229,PAY0229,2026-08-06,CREDIT,500
LED0230,PAY0230,2026-08-02,CREDIT,2500
LED0231,PAY0231,2026-08-03,CREDIT,20000
LED0232,PAY0232,2026-08-05,CREDIT,500
LED0233,PAY0233,2026-08-02,CREDIT,20000
LED0234,PAY0234,2026-08-07,CREDIT,5000
LED0235,PAY0235,2026-08-06,CREDIT,7500
LED0236,PAY0236,2026-08-10,CREDIT,15000
LED0237,PAY0237,2026-08-02,CREDIT,7500
LED0238,PAY0238,2026-08-10,CREDIT,1500
LED0239,PAY0239,2026-08-05,CREDIT,500
LED0240,PAY0240,2026-08-07,CREDIT,500
LED0241,PAY0241,2026-08-09,CREDIT,15000
LED0242,PAY0242,2026-08-11,CREDIT,1500
LED0243,PAY0243,2026-08-06,CREDIT,7500
LED0244,PAY0244,2026-08-02,CREDIT,5000
LED0245,PAY0245,2026-08-10,CREDIT,5000
LED0246,PAY0246,2026-08-11,CREDIT,750
LED0247,PAY0247,2026-08-05,CREDIT,15000
LED0248,PAY0248,2026-08-05,CREDIT,7500
LED0249,PAY0249,2026-08-06,CREDIT,7500
LED0250,PAY0250,2026-08-05,CREDIT,15000
LED0251,PAY0251,2026-08-03,CREDIT,1500
LED0252,PAY0252,2026-08-07,CREDIT,7500
LED0253,PAY0253,2026-08-11,CREDIT,1000
LED0254,PAY0254,2026-08-10,CREDIT,20000
LED0255,PAY0255,2026-08-05,CREDIT,7500
LED0256,PAY0256,2026-08-09,CREDIT,500
LED0257,PAY0257,2026-08-05,CREDIT,2500
LED0258,PAY0258,2026-08-04,CREDIT,7500
LED0259,PAY0259,2026-08-10,CREDIT,20000
LED0260,PAY0260,2026-08-11,CREDIT,5000
LED0261,PAY0261,2026-08-08,CREDIT,10000
LED0262,PAY0262,2026-08-08,CREDIT,1500
LED0263,PAY0263,2026-08-09,CREDIT,10000
LED0264,PAY0264,2026-08-03,CREDIT,750
LED0265,PAY0265,2026-08-05,CREDIT,15000
LED0266,PAY0266,2026-08-11,CREDIT,20000
LED0267,PAY0267,2026-08-06,CREDIT,750
LED0268,PAY0268,2026-08-04,CREDIT,2500
LED0269,PAY0269,2026-08-04,CREDIT,1500
LED0270,PAY0270,2026-08-03,CREDIT,500
LED0271,PAY0271,2026-08-01,CREDIT,1500
LED0272,PAY0272,2026-08-08,CREDIT,20000
LED0273,PAY0273,2026-08-02,CREDIT,10000
LED0274,PAY0274,2026-08-07,CREDIT,20000
LED0275,PAY0275,2026-08-04,CREDIT,7500
LED0276,PAY0276,2026-08-08,CREDIT,7500
LED0277,PAY0277,2026-08-04,CREDIT,1000
LED0278,PAY0278,2026-08-11,CREDIT,500
LED0279,PAY0279,2026-08-02,CREDIT,7500
LED0280,PAY0280,2026-08-04,CREDIT,1000
LED0281,PAY0281,2026-08-09,CREDIT,10000
LED0282,PAY0282,2026-08-01,CREDIT,15000
LED0283,PAY0283,2026-08-04,CREDIT,750
LED0284,PAY0284,2026-08-08,CREDIT,1000
LED0285,PAY0285,2026-08-08,CREDIT,15000
LED0286,PAY0286,2026-08-09,CREDIT,20000
LED0287,PAY0287,2026-08-06,CREDIT,10000
LED0288,PAY0288,2026-08-10,CREDIT,15000
LED0289,PAY0289,2026-08-07,CREDIT,15000
LED0290,PAY0290,2026-08-08,CREDIT,1000
LED0291,PAY0291,2026-08-08,CREDIT,10000
LED0292,PAY0292,2026-08-05,CREDIT,1500
LED0293,PAY0293,2026-08-11,CREDIT,2500
LED0294,PAY0294,2026-08-09,CREDIT,10000
LED0295,PAY0295,2026-08-11,CREDIT,1500
LED0296,PAY0296,2026-08-05,CREDIT,10000
LED0297,PAY0297,2026-08-02,CREDIT,2500
LED0298,PAY0298,2026-08-04,CREDIT,2500
LED0299,PAY0299,2026-08-06,CREDIT,5000
LED0300,PAY0300,2026-08-09,CREDIT,750
LED0301,PAY0301,2026-08-03,CREDIT,1000
LED0302,PAY0302,2026-08-04,CREDIT,7500
LED0303,PAY0303,2026-08-03,CREDIT,1500
LED0304,PAY0304,2026-08-02,CREDIT,7500
LED0305,PAY0305,2026-08-07,CREDIT,5000
LED0306,PAY0306,2026-08-09,CREDIT,10000
LED0307,PAY0307,2026-08-07,CREDIT,500
LED0308,PAY0308,2026-08-04,CREDIT,7500
LED0309,PAY0309,2026-08-07,CREDIT,20000
LED0310,PAY0310,2026-08-01,CREDIT,20000
LED0311,PAY0311,2026-08-07,CREDIT,10000
LED0312,PAY0312,2026-08-01,CREDIT,5000
LED0313,PAY0313,2026-08-05,CREDIT,7500
LED0314,PAY0314,2026-08-07,CREDIT,15000
LED0315,PAY0315,2026-08-09,CREDIT,20000
LED0316,PAY0316,2026-08-04,CREDIT,10000
LED0317,PAY0317,2026-08-04,CREDIT,2500
LED0318,PAY0318,2026-08-07,CREDIT,10000
LED0319,PAY0319,2026-08-01,CREDIT,7500
LED0320,PAY0320,2026-08-06,CREDIT,7500
LED0321,PAY0321,2026-08-03,CREDIT,10000
LED0322,PAY0322,2026-08-03,CREDIT,20000
LED0323,PAY0323,2026-08-09,CREDIT,500
LED0324,PAY0324,2026-08-07,CREDIT,20000
LED0325,PAY0325,2026-08-10,CREDIT,500
LED0326,PAY0326,2026-08-02,CREDIT,7500
LED0327,PAY0327,2026-08-03,CREDIT,10000
LED0328,PAY0328,2026-08-03,CREDIT,500
LED0329,PAY0329,2026-08-05,CREDIT,7500
LED0330,PAY0330,2026-08-06,CREDIT,1500
LED0331,PAY0331,2026-08-08,CREDIT,5000
LED0332,PAY0332,2026-08-06,CREDIT,7500
LED0333,PAY0333,2026-08-05,CREDIT,7500
LED0334,PAY0334,2026-08-05,CREDIT,750
LED0335,PAY0335,2026-08-08,CREDIT,500
LED0336,PAY0336,2026-08-09,CREDIT,500
LED0337,PAY0337,2026-08-06,CREDIT,1500
LED0338,PAY0338,2026-08-11,CREDIT,750
LED0339,PAY0339,2026-08-11,CREDIT,500
LED0340,PAY0340,2026-08-01,CREDIT,1500
LED0341,PAY0341,2026-08-04,CREDIT,500
LED0342,PAY0342,2026-08-10,CREDIT,1000
LED0343,PAY0343,2026-08-04,CREDIT,1000
LED0344,PAY0344,2026-08-08,CREDIT,750
LED0345,PAY0345,2026-08-10,CREDIT,1500
LED0346,PAY0346,2026-08-08,CREDIT,2500
LED0347,PAY0347,2026-08-06,CREDIT,1000
LED0348,PAY0348,2026-08-10,CREDIT,20000
LED0349,PAY0349,2026-08-02,CREDIT,1000
LED0350,PAY0350,2026-08-05,CREDIT,750
LED0351,PAY0351,2026-08-10,CREDIT,500
LED0352,PAY0352,2026-08-05,CREDIT,20000
LED0353,PAY0353,2026-08-11,CREDIT,7500
LED0354,PAY0354,2026-08-07,CREDIT,1500
LED0355,PAY0355,2026-08-02,CREDIT,20000
LED0356,PAY0356,2026-08-11,CREDIT,1500
LED0357,PAY0357,2026-08-02,CREDIT,2500
LED0358,PAY0358,2026-08-11,CREDIT,20000
LED0359,PAY0359,2026-08-02,CREDIT,20000
LED0360,PAY0360,2026-08-01,CREDIT,5000
LED0361,PAY0361,2026-08-09,CREDIT,7500
LED0362,PAY0362,2026-08-11,CREDIT,5000
LED0363,PAY0363,2026-08-02,CREDIT,15000
LED0364,PAY0364,2026-08-11,CREDIT,5000
LED0365,PAY0365,2026-08-01,CREDIT,7500
LED0366,PAY0366,2026-08-08,CREDIT,750
LED0367,PAY0367,2026-08-07,CREDIT,5000
LED0368,PAY0368,2026-08-11,CREDIT,10000
LED0369,PAY0369,2026-08-03,CREDIT,7500
LED0370,PAY0370,2026-08-03,CREDIT,15000
LED0371,PAY0371,2026-08-11,CREDIT,2500
LED0372,PAY0372,2026-08-10,CREDIT,15000
LED0373,PAY0373,2026-08-08,CREDIT,10000
LED0374,PAY0374,2026-08-07,CREDIT,20000
LED0375,PAY0375,2026-08-05,CREDIT,5000
LED0376,PAY0376,2026-08-04,CREDIT,750
LED0377,PAY0377,2026-08-05,CREDIT,10000
LED0378,PAY0378,2026-08-04,CREDIT,10000
LED0379,PAY0379,2026-08-10,CREDIT,20000
LED0380,PAY0380,2026-08-11,CREDIT,7500
LED0381,PAY0381,2026-08-06,CREDIT,500
LED0382,PAY0382,2026-08-08,CREDIT,5000
LED0383,PAY0383,2026-08-03,CREDIT,10000
LED0384,PAY0384,2026-08-04,CREDIT,5000
LED0385,PAY0385,2026-08-05,CREDIT,5000
LED0386,PAY0386,2026-08-05,CREDIT,20000
LED0387,PAY0387,2026-08-05,CREDIT,15000
LED0388,PAY0388,2026-08-01,CREDIT,15000
LED0389,PAY0389,2026-08-04,CREDIT,750
LED0390,PAY0390,2026-08-04,CREDIT,7500
LED0391,PAY0391,2026-08-08,CREDIT,15000
LED0392,PAY0392,2026-08-04,CREDIT,10000
LED0393,PAY0393,2026-08-11,CREDIT,10000
LED0394,PAY0394,2026-08-08,CREDIT,500
LED0395,PAY0395,2026-08-02,CREDIT,2500
LED0396,PAY0396,2026-08-04,CREDIT,7500
LED0397,PAY0397,2026-08-04,CREDIT,2500
LED0398,PAY0398,2026-08-11,CREDIT,20000
LED0399,PAY0399,2026-08-06,CREDIT,10000
LED0400,PAY0400,2026-08-09,CREDIT,15000
LED0401,PAY0401,2026-08-06,CREDIT,7500
LED0402,PAY0402,2026-08-09,CREDIT,5000
LED0403,PAY0403,2026-08-06,CREDIT,10000
LED0404,PAY0404,2026-08-05,CREDIT,2500
LED0405,PAY0405,2026-08-05,CREDIT,1500
LED0406,PAY0406,2026-08-02,CREDIT,1500
LED0407,PAY0407,2026-08-06,CREDIT,750
LED0408,PAY0408,2026-08-09,CREDIT,1000
LED0409,PAY0409,2026-08-04,CREDIT,1500
LED0410,PAY0410,2026-08-08,CREDIT,2500
LED0411,PAY0411,2026-08-10,CREDIT,15000
LED0412,PAY0412,2026-08-10,CREDIT,2500
LED0413,PAY0413,2026-08-02,CREDIT,1500
LED0414,PAY0414,2026-08-05,CREDIT,1500
LED0415,PAY0415,2026-08-06,CREDIT,1000
LED0416,PAY0416,2026-08-05,CREDIT,500
LED0417,PAY0417,2026-08-09,CREDIT,1000
LED0418,PAY0418,2026-08-05,CREDIT,500
LED0419,PAY0419,2026-08-01,CREDIT,15000
LED0420,PAY0420,2026-08-05,CREDIT,1000
LED0421,PAY0421,2026-08-11,CREDIT,10000
LED0422,PAY0422,2026-08-02,CREDIT,500
LED0423,PAY0423,2026-08-10,CREDIT,2500
LED0424,PAY0424,2026-08-08,CREDIT,10000
LED0425,PAY0425,2026-08-08,CREDIT,5000
LED0426,PAY0426,2026-08-03,CREDIT,500
LED0427,PAY0427,2026-08-05,CREDIT,10000
LED0428,PAY0428,2026-08-02,CREDIT,750
LED0429,PAY0429,2026-08-07,CREDIT,10000
LED0430,PAY0430,2026-08-02,CREDIT,20000
LED0431,PAY0431,2026-08-11,CREDIT,500
LED0432,PAY0432,2026-08-03,CREDIT,1000
LED0433,PAY0433,2026-08-10,CREDIT,2500
LED0434,PAY0434,2026-08-02,CREDIT,1500
LED0435,PAY0435,2026-08-02,CREDIT,15000
LED0436,PAY0436,2026-08-07,CREDIT,20000
LED0437,PAY0437,2026-08-10,CREDIT,20000
LED0438,PAY0438,2026-08-04,CREDIT,15000
LED0439,PAY0439,2026-08-07,CREDIT,10000
LED0440,PAY0440,2026-08-08,CREDIT,2500
LED0441,PAY0441,2026-08-10,CREDIT,7500
LED0442,PAY0442,2026-08-05,CREDIT,20000
LED0443,PAY0443,2026-08-10,CREDIT,500
LED0444,PAY0444,2026-08-10,CREDIT,750
LED0445,PAY0445,2026-08-04,CREDIT,1500
LED0446,PAY0446,2026-08-05,CREDIT,750
LED0447,PAY0447,2026-08-03,CREDIT,1500
LED0448,PAY0448,2026-08-03,CREDIT,15000
LED0449,PAY0449,2026-08-02,CREDIT,1000
LED0450,PAY0450,2026-08-01,CREDIT,7500
LED0451,PAY0451,2026-08-08,CREDIT,20000
LED0452,PAY0452,2026-08-08,CREDIT,2500
LED0453,PAY0453,2026-08-01,CREDIT,1500
LED0454,PAY0454,2026-08-05,CREDIT,2500
LED0455,PAY0455,2026-08-08,CREDIT,750
LED0456,PAY0456,2026-08-11,CREDIT,1500
LED0457,PAY0457,2026-08-05,CREDIT,20000
LED0458,PAY0458,2026-08-11,CREDIT,1500
LED0459,PAY0459,2026-08-07,CREDIT,750
LED0460,PAY0460,2026-08-09,CREDIT,1500
LED0461,PAY0461,2026-08-11,CREDIT,1000
LED0462,PAY0462,2026-08-05,CREDIT,1000
LED0463,PAY0463,2026-08-02,CREDIT,500
LED0464,PAY0464,2026-08-03,CREDIT,2500
LED0465,PAY0465,2026-08-10,CREDIT,20000
LED0466,PAY0466,2026-08-05,CREDIT,10000
LED0467,PAY0467,2026-08-02,CREDIT,10000
LED0468,PAY0468,2026-08-05,CREDIT,7500
LED0469,PAY0469,2026-08-05,CREDIT,15000
LED0470,PAY0470,2026-08-09,CREDIT,10000
LED0471,PAY0471,2026-08-08,CREDIT,750
LED0472,PAY0472,2026-08-10,CREDIT,500
LED0473,PAY0473,2026-08-07,CREDIT,5000
LED0474,PAY0474,2026-08-10,CREDIT,2500
LED0475,PAY0475,2026-08-01,CREDIT,750
LED0476,PAY0476,2026-08-04,CREDIT,20000
LED0477,PAY0477,2026-08-10,CREDIT,500
LED0478,PAY0478,2026-08-11,CREDIT,2500
LED0479,PAY0479,2026-08-10,CREDIT,500
LED0480,PAY0480,2026-08-03,CREDIT,10000
LED0481,PAY0481,2026-08-09,CREDIT,10000
LED0482,PAY0482,2026-08-05,CREDIT,1000
LED0483,PAY0483,2026-08-10,CREDIT,7500
LED0484,PAY0484,2026-08-11,CREDIT,10000
LED0485,PAY0485,2026-08-02,CREDIT,10000
LED0486,PAY0486,2026-08-06,CREDIT,7500
LED0487,PAY0487,2026-08-06,CREDIT,5000
LED0488,PAY0488,2026-08-11,CREDIT,750
LED0489,PAY0489,2026-08-03,CREDIT,5000
LED0490,PAY0490,2026-08-07,CREDIT,10000
LED0491,PAY0491,2026-08-05,CREDIT,7500
LED0492,PAY0492,2026-08-09,CREDIT,500
LED0493,PAY0493,2026-08-08,CREDIT,750
LED0494,PAY0494,2026-08-06,CREDIT,2500
LED0495,PAY0495,2026-08-06,CREDIT,750
LED0496,PAY0496,2026-08-07,CREDIT,15000
LED0497,PAY0497,2026-08-01,CREDIT,15000
LED0498,PAY0498,2026-08-08,CREDIT,7500
LED0499,PAY0499,2026-08-01,CREDIT,1500
LED0500,PAY0500,2026-08-09,CREDIT,5000
