payment_id,order_id,date,amount,status,customer
PAY0001,ORD0001,2026-08-11,750,success,Allison Hill
PAY0002,ORD0002,2026-08-01,2500,success,Noah Rhodes
PAY0003,ORD0003,2026-08-04,1500,success,Angie Henderson
PAY0004,ORD0004,2026-08-03,750,success,Daniel Wagner
PAY0005,ORD0005,2026-08-11,15000,success,Cristian Santos
PAY0006,ORD0006,2026-08-02,20000,success,Connie Lawrence
PAY0007,ORD0007,2026-08-07,500,success,Abigail Shaffer
PAY0008,ORD0008,2026-08-01,750,success,Gina Moore
PAY0009,ORD0009,2026-08-04,1500,success,Gabrielle Davis
PAY0010,ORD0010,2026-08-09,20000,success,Ryan Munoz
PAY0011,ORD0011,2026-08-01,15000,success,Monica Herrera
PAY0012,ORD0012,2026-08-04,15000,success,Jamie Arnold
PAY0013,ORD0013,2026-08-07,1500,success,Lisa Hensley
PAY0014,ORD0014,2026-08-08,20000,success,Michele Williams
PAY0015,ORD0015,2026-08-05,500,success,Dylan Miller
PAY0016,ORD0016,2026-08-03,7500,success,Brian Ramirez
PAY0017,ORD0017,2026-08-06,2500,success,Holly Wood
PAY0018,ORD0018,2026-08-03,1500,success,Derek Zuniga
PAY0019,ORD0019,2026-08-06,750,success,Lisa Jackson
PAY0020,ORD0020,2026-08-02,7500,success,Carla Gray
PAY0021,ORD0021,2026-08-02,5000,success,Margaret Hawkins DDS
PAY0022,ORD0022,2026-08-06,20000,success,Patty Perez
PAY0023,ORD0023,2026-08-05,500,success,Ethan Adams
PAY0024,ORD0024,2026-08-08,15000,success,Tommy Walter
PAY0025,ORD0025,2026-08-02,7500,success,Matthew Foster
PAY0026,ORD0026,2026-08-02,15000,success,Judy Baker
PAY0027,ORD0027,2026-08-05,20000,success,Justin Baker
PAY0028,ORD0028,2026-08-06,20000,success,Stephanie Ross
PAY0029,ORD0029,2026-08-04,750,success,Zachary Hicks
PAY0030,ORD0030,2026-08-01,1500,success,Anthony Rodriguez
PAY0031,ORD0031,2026-08-05,750,success,Rebecca Henderson
PAY0032,ORD0032,2026-08-04,750,success,James Ferrell
PAY0033,ORD0033,2026-08-07,2500,success,Tricia Valencia
PAY0034,ORD0034,2026-08-08,5000,success,Nathan Maldonado
PAY0035,ORD0035,2026-08-03,5000,success,Debra Davidson
PAY0036,ORD0036,2026-08-06,1500,success,Jeffrey Chavez
PAY0037,ORD0037,2026-08-11,2500,success,Sherri Baker
PAY0038,ORD0038,2026-08-11,750,success,Cassandra Gaines
PAY0039,ORD0039,2026-08-10,1000,success,Elizabeth Fowler
PAY0040,ORD0040,2026-08-09,1500,success,Brittany Farmer
PAY0041,ORD0041,2026-08-03,10000,success,Paula Moreno
PAY0042,ORD0042,2026-08-07,2500,success,Fred Smith
PAY0043,ORD0043,2026-08-11,15000,success,Sherry Decker
PAY0044,ORD0044,2026-08-04,5000,success,Anthony Humphrey
PAY0045,ORD0045,2026-08-01,1500,success,Angelica Tucker
PAY0046,ORD0046,2026-08-01,5000,success,Philip Cannon
PAY0047,ORD0047,2026-08-07,2500,success,John Pierce
PAY0048,ORD0048,2026-08-02,1500,success,Shane Henderson
PAY0049,ORD0049,2026-08-10,5000,success,Joshua Blair
PAY0050,ORD0050,2026-08-04,10000,success,Eric Carney
PAY0051,ORD0051,2026-08-07,10000,success,Jessica Holmes
PAY0052,ORD0052,2026-08-03,2500,success,Danny Morgan
PAY0053,ORD0053,2026-08-03,1500,success,Crystal Robinson
PAY0054,ORD0054,2026-08-09,15000,success,Mark Perez
PAY0055,ORD0055,2026-08-05,20000,success,Shannon Jones
PAY0056,ORD0056,2026-08-07,20000,success,Michael Lewis
PAY0057,ORD0057,2026-08-07,5000,success,Timothy Duncan
PAY0058,ORD0058,2026-08-04,1000,success,Richard Aguirre
PAY0059,ORD0059,2026-08-09,10000,success,Brent Jordan
PAY0060,ORD0060,2026-08-02,500,success,John Daniel
PAY0061,ORD0061,2026-08-02,1000,success,Victoria Garcia
PAY0062,ORD0062,2026-08-11,1000,success,Gerald Hensley
PAY0063,ORD0063,2026-08-11,7500,success,Connor West
PAY0064,ORD0064,2026-08-10,750,success,Donald Wright
PAY0065,ORD0065,2026-08-07,7500,success,Jessica Callahan
PAY0066,ORD0066,2026-08-10,10000,success,Amber Kidd
PAY0067,ORD0067,2026-08-09,2500,success,Tracy House
PAY0068,ORD0068,2026-08-09,500,success,Carol Tucker
PAY0069,ORD0069,2026-08-11,750,success,James Brown
PAY0070,ORD0070,2026-08-11,15000,success,William Baker
PAY0071,ORD0071,2026-08-05,5000,success,Jordan Henderson
PAY0072,ORD0072,2026-08-02,2500,success,Whitney Peters
PAY0073,ORD0073,2026-08-07,1000,success,Brittney Phillips
PAY0074,ORD0074,2026-08-08,500,success,Lauren Daniels
PAY0075,ORD0075,2026-08-05,15000,success,Amy Silva
PAY0076,ORD0076,2026-08-03,15000,success,Sarah Moore
PAY0077,ORD0077,2026-08-02,2500,success,Angela Lopez
PAY0078,ORD0078,2026-08-11,15000,success,Megan Young
PAY0079,ORD0079,2026-08-10,1500,success,Steve Sanchez
PAY0080,ORD0080,2026-08-03,5000,success,Lisa Barnes
PAY0081,ORD0081,2026-08-03,15000,success,Kelly Donovan
PAY0082,ORD0082,2026-08-09,500,success,Mike Allen
PAY0083,ORD0083,2026-08-10,5000,success,Michael Evans
PAY0084,ORD0084,2026-08-08,500,success,Paul Jones
PAY0085,ORD0085,2026-08-02,5000,success,Zachary Ferrell
PAY0086,ORD0086,2026-08-05,1500,success,Daniel Baker
PAY0087,ORD0087,2026-08-01,1500,success,Shirley Suarez
PAY0088,ORD0088,2026-08-10,750,success,Christopher Bass
PAY0089,ORD0089,2026-08-02,10000,success,Lisa Archer
PAY0090,ORD0090,2026-08-02,15000,success,Aimee Montoya
PAY0091,ORD0091,2026-08-03,1000,success,Matthew Mcmillan
PAY0092,ORD0092,2026-08-11,10000,success,Brian Rodriguez
PAY0093,ORD0093,2026-08-09,1000,success,Denise Jacobs
PAY0094,ORD0094,2026-08-05,15000,success,Christina Walters
PAY0095,ORD0095,2026-08-10,7500,success,John Whitehead
PAY0096,ORD0096,2026-08-04,15000,success,Anna Henderson
PAY0097,ORD0097,2026-08-04,2500,success,Aaron Wise
PAY0098,ORD0098,2026-08-07,5000,success,Deborah Figueroa
PAY0099,ORD0099,2026-08-08,15000,success,Jessica Smith
PAY0100,ORD0100,2026-08-08,750,success,Stephen Mckee
PAY0101,ORD0101,2026-08-04,1500,success,Sandra Aguilar
PAY0102,ORD0102,2026-08-02,5000,success,Cameron Parker
PAY0103,ORD0103,2026-08-01,20000,success,Rebecca Valencia
PAY0104,ORD0104,2026-08-09,1500,success,Christine Wright
PAY0105,ORD0105,2026-08-10,1500,success,Richard Henson
PAY0106,ORD0106,2026-08-01,750,success,Marc Moore
PAY0107,ORD0107,2026-08-11,500,success,Sharon Cherry
PAY0108,ORD0108,2026-08-04,750,success,Sierra Johnson
PAY0109,ORD0109,2026-08-01,5000,success,Evelyn Galvan
PAY0110,ORD0110,2026-08-02,15000,success,Sharon Cochran
PAY0111,ORD0111,2026-08-04,2500,success,Richard Rodriguez
PAY0112,ORD0112,2026-08-11,10000,success,Shannon Walker
PAY0113,ORD0113,2026-08-04,15000,success,Julia Torres
PAY0114,ORD0114,2026-08-03,20000,success,Crystal Johnson
PAY0115,ORD0115,2026-08-10,10000,success,Garrett Lin
PAY0116,ORD0116,2026-08-04,10000,success,Diana May
PAY0117,ORD0117,2026-08-07,1500,success,William Herrera
PAY0118,ORD0118,2026-08-02,750,success,Ashley Waller
PAY0119,ORD0119,2026-08-11,7500,success,Victor Baker
PAY0120,ORD0120,2026-08-06,7500,success,Jeffrey Chandler
PAY0121,ORD0121,2026-08-07,10000,success,Larry Dixon
PAY0122,ORD0122,2026-08-01,750,success,Kenneth Scott
PAY0123,ORD0123,2026-08-01,7500,success,April Frost
PAY0124,ORD0124,2026-08-06,750,success,Michelle Harmon
PAY0125,ORD0125,2026-08-04,1500,success,Helen Jones
PAY0126,ORD0126,2026-08-04,15000,success,Erin Edwards
PAY0127,ORD0127,2026-08-08,1000,success,Michelle Evans
PAY0128,ORD0128,2026-08-07,1000,success,Jason Powell
PAY0129,ORD0129,2026-08-05,10000,success,Cameron Fisher
PAY0130,ORD0130,2026-08-04,750,success,Megan Orr
PAY0131,ORD0131,2026-08-08,15000,success,Elizabeth Kelley
PAY0132,ORD0132,2026-08-02,500,success,Dustin Jordan
PAY0133,ORD0133,2026-08-11,15000,success,Mary Marshall
PAY0134,ORD0134,2026-08-01,750,success,Daniel Kennedy
PAY0135,ORD0135,2026-08-04,1000,success,Rebecca Jackson
PAY0136,ORD0136,2026-08-07,10000,success,Jose Schultz
PAY0137,ORD0137,2026-08-08,1500,success,Robert Potter
PAY0138,ORD0138,2026-08-07,500,success,Courtney Gonzalez
PAY0139,ORD0139,2026-08-03,7500,success,David Alvarez
PAY0140,ORD0140,2026-08-01,7500,success,Angel Perry
PAY0141,ORD0141,2026-08-05,10000,success,Cheyenne Horton
PAY0142,ORD0142,2026-08-05,7500,success,David Douglas Jr.
PAY0143,ORD0143,2026-08-09,10000,success,Patricia Rodriguez
PAY0144,ORD0144,2026-08-03,1500,success,Christopher Rubio
PAY0145,ORD0145,2026-08-05,1500,success,Amber Wright
PAY0146,ORD0146,2026-08-01,20000,success,Joyce Solis
PAY0147,ORD0147,2026-08-09,500,success,Victoria Larson
PAY0148,ORD0148,2026-08-06,500,success,Stephanie Salazar
PAY0149,ORD0149,2026-08-01,20000,success,Kathy Rivas
PAY0150,ORD0150,2026-08-08,15000,success,Stephanie Manning
PAY0151,ORD0151,2026-08-09,1000,success,David Wright
PAY0152,ORD0152,2026-08-01,15000,success,Pamela Boyd
PAY0153,ORD0153,2026-08-02,1000,success,Denise Jones
PAY0154,ORD0154,2026-08-02,20000,success,Devon Flores
PAY0155,ORD0155,2026-08-02,1500,success,Brenda Hall
PAY0156,ORD0156,2026-08-07,750,success,Michelle Brown
PAY0157,ORD0157,2026-08-10,1500,success,Joshua Perry
PAY0158,ORD0158,2026-08-10,20000,success,Jason Stein
PAY0159,ORD0159,2026-08-01,20000,success,Melissa Gates
PAY0160,ORD0160,2026-08-02,7500,success,Jamie Smith
PAY0161,ORD0161,2026-08-11,20000,success,Paul Castaneda
PAY0162,ORD0162,2026-08-10,15000,success,Jennifer Adkins
PAY0163,ORD0163,2026-08-06,2500,success,Lindsey Walker
PAY0164,ORD0164,2026-08-04,5000,success,Jeffrey Johnson
PAY0165,ORD0165,2026-08-04,2500,success,Michael Powell
PAY0166,ORD0166,2026-08-07,1000,success,John Anderson
PAY0167,ORD0167,2026-08-11,2500,success,Alyssa Long
PAY0168,ORD0168,2026-08-08,5000,success,Alyssa Day
PAY0169,ORD0169,2026-08-02,500,success,Joel Williams
PAY0170,ORD0170,2026-08-08,20000,success,Daniel Murphy
PAY0171,ORD0171,2026-08-10,750,success,Jamie Walton
PAY0172,ORD0172,2026-08-02,15000,success,Darlene Miller
PAY0173,ORD0173,2026-08-04,15000,success,Joshua Cooke
PAY0174,ORD0174,2026-08-05,1000,success,Matthew Harrington
PAY0175,ORD0175,2026-08-06,750,success,Nicole Herring
PAY0176,ORD0176,2026-08-04,5000,success,Alex Hernandez
PAY0177,ORD0177,2026-08-05,1000,success,Michael Elliott
PAY0178,ORD0178,2026-08-08,15000,success,Michael Wang
PAY0179,ORD0179,2026-08-05,20000,success,Lawrence Adkins
PAY0180,ORD0180,2026-08-11,15000,success,Robert Oconnell
PAY0181,ORD0181,2026-08-01,15000,success,Alexander Collins
PAY0182,ORD0182,2026-08-05,750,success,Tina Sanders
PAY0183,ORD0183,2026-08-03,2500,success,Angela Vaughn
PAY0184,ORD0184,2026-08-02,750,success,Ashley Barton
PAY0185,ORD0185,2026-08-09,1000,success,Lindsay Martinez
PAY0186,ORD0186,2026-08-05,2500,success,Dr. Hannah Patterson
PAY0187,ORD0187,2026-08-10,1500,success,Jonathan Peterson
PAY0188,ORD0188,2026-08-06,1500,success,Samantha Garcia
PAY0189,ORD0189,2026-08-11,2500,success,Madison Poole
PAY0190,ORD0190,2026-08-09,10000,success,Jessica Gross
PAY0191,ORD0191,2026-08-05,500,success,Debra Morton
PAY0192,ORD0192,2026-08-02,7500,success,Karen Graham
PAY0193,ORD0193,2026-08-05,500,success,Debra Christian
PAY0194,ORD0194,2026-08-01,5000,success,Angelica Keith
PAY0195,ORD0195,2026-08-03,2500,success,John Bishop
PAY0196,ORD0196,2026-08-03,10000,success,Allen Rosales
PAY0197,ORD0197,2026-08-09,7500,success,Daniel Salinas
PAY0198,ORD0198,2026-08-09,500,success,Spencer Haynes
PAY0199,ORD0199,2026-08-02,750,success,Adam Vaughan
PAY0200,ORD0200,2026-08-03,15000,success,Nathan Freeman
PAY0201,ORD0201,2026-08-01,5000,success,Melissa Brewer
PAY0202,ORD0202,2026-08-10,15000,success,Ricky Davis II
PAY0203,ORD0203,2026-08-03,7500,success,Elizabeth Perkins
PAY0204,ORD0204,2026-08-03,500,success,Joseph Coleman
PAY0205,ORD0205,2026-08-05,5000,success,Erin Warner
PAY0206,ORD0206,2026-08-01,5000,success,David Martinez
PAY0207,ORD0207,2026-08-04,1500,success,Bryan Herrera
PAY0208,ORD0208,2026-08-11,750,success,Cathy Robinson
PAY0209,ORD0209,2026-08-06,15000,success,Dr. William Warren
PAY0210,ORD0210,2026-08-07,20000,success,Brian Lee
PAY0211,ORD0211,2026-08-03,1500,success,Christopher Smith
PAY0212,ORD0212,2026-08-03,1000,success,Denise Mccann
PAY0213,ORD0213,2026-08-07,500,success,Melissa Martinez
PAY0214,ORD0214,2026-08-03,5000,success,Katherine Salas
PAY0215,ORD0215,2026-08-07,1500,success,Julie Alexander
PAY0216,ORD0216,2026-08-05,1000,success,Anthony Everett
PAY0217,ORD0217,2026-08-02,7500,success,Rodney Morales
PAY0218,ORD0218,2026-08-01,10000,success,Mark Brown
PAY0219,ORD0219,2026-08-04,1500,success,Justin Torres
PAY0220,ORD0220,2026-08-08,5000,success,Bailey Duran DDS
PAY0221,ORD0221,2026-08-05,1500,success,Courtney Mills
PAY0222,ORD0222,2026-08-04,500,success,Jeremy Dalton
PAY0223,ORD0223,2026-08-11,1500,success,Elizabeth Oliver DDS
PAY0224,ORD0224,2026-08-07,5000,success,Theresa Clark
PAY0225,ORD0225,2026-08-05,750,success,Matthew Moore
PAY0226,ORD0226,2026-08-05,5000,success,Benjamin Smith
PAY0227,ORD0227,2026-08-11,15000,success,Kirk Carter
PAY0228,ORD0228,2026-08-07,15000,success,Michael Warner
PAY0229,ORD0229,2026-08-06,500,success,Michael Bradshaw
PAY0230,ORD0230,2026-08-02,2500,success,Lori Guerrero
PAY0231,ORD0231,2026-08-03,20000,success,Jessica Stephens
PAY0232,ORD0232,2026-08-05,500,success,Susan Serrano
PAY0233,ORD0233,2026-08-02,20000,success,Christopher Parker
PAY0234,ORD0234,2026-08-07,5000,success,Laura Roberts
PAY0235,ORD0235,2026-08-06,7500,success,Michael Lyons
PAY0236,ORD0236,2026-08-10,15000,success,Kathryn Snyder
PAY0237,ORD0237,2026-08-02,7500,success,Andrew Reynolds
PAY0238,ORD0238,2026-08-10,1500,success,David Davis
PAY0239,ORD0239,2026-08-05,500,success,Sara Johnston
PAY0240,ORD0240,2026-08-07,500,success,Yvonne Chambers
PAY0241,ORD0241,2026-08-09,15000,success,Andrew Avila
PAY0242,ORD0242,2026-08-11,1500,success,Matthew Moon
PAY0243,ORD0243,2026-08-06,7500,success,Kevin Walters
PAY0244,ORD0244,2026-08-02,5000,success,Brandon Bailey MD
PAY0245,ORD0245,2026-08-10,5000,success,Shannon Rivera
PAY0246,ORD0246,2026-08-11,750,success,Donna Landry
PAY0247,ORD0247,2026-08-05,15000,success,Krista Gibson
PAY0248,ORD0248,2026-08-05,7500,success,Frank Cordova
PAY0249,ORD0249,2026-08-06,7500,success,Jose Travis
PAY0250,ORD0250,2026-08-05,15000,success,Kimberly Gutierrez
PAY0251,ORD0251,2026-08-03,1500,success,Isaiah Avila
PAY0252,ORD0252,2026-08-07,7500,success,Olivia Harris
PAY0253,ORD0253,2026-08-11,1000,success,Tanya Kim
PAY0254,ORD0254,2026-08-10,20000,success,Barbara Dudley
PAY0255,ORD0255,2026-08-05,7500,success,Cynthia Moore
PAY0256,ORD0256,2026-08-09,500,success,Kristen Davis
PAY0257,ORD0257,2026-08-05,2500,success,Susan Murray MD
PAY0258,ORD0258,2026-08-04,7500,success,Kathleen Moran
PAY0259,ORD0259,2026-08-10,20000,success,Denise Davenport
PAY0260,ORD0260,2026-08-11,5000,success,Mrs. Kristen Reyes
PAY0261,ORD0261,2026-08-08,10000,success,Katie Suarez
PAY0262,ORD0262,2026-08-08,1500,success,Desiree Tyler
PAY0263,ORD0263,2026-08-09,10000,success,Timothy Romero
PAY0264,ORD0264,2026-08-03,750,success,Diane Evans
PAY0265,ORD0265,2026-08-05,15000,success,Yvonne Burns
PAY0266,ORD0266,2026-08-11,20000,success,Joshua Reed
PAY0267,ORD0267,2026-08-06,750,success,Kimberly Gibson
PAY0268,ORD0268,2026-08-04,2500,success,Colin Terry
PAY0269,ORD0269,2026-08-04,1500,success,Cynthia Rowe
PAY0270,ORD0270,2026-08-03,500,success,Patrick Thornton
PAY0271,ORD0271,2026-08-01,1500,success,Jasmin Alvarado
PAY0272,ORD0272,2026-08-08,20000,success,Veronica Simpson
PAY0273,ORD0273,2026-08-02,10000,success,Jonathan Lawrence
PAY0274,ORD0274,2026-08-07,20000,success,Shelly Alexander
PAY0275,ORD0275,2026-08-04,7500,success,Joyce Bowen
PAY0276,ORD0276,2026-08-08,7500,success,Matthew Moore
PAY0277,ORD0277,2026-08-04,1000,success,Wayne Morgan
PAY0278,ORD0278,2026-08-11,500,success,Marie Christian
PAY0279,ORD0279,2026-08-02,7500,success,Shannon James
PAY0280,ORD0280,2026-08-04,1000,success,Nathan Malone
PAY0281,ORD0281,2026-08-09,10000,success,Amanda Jones
PAY0282,ORD0282,2026-08-01,15000,success,Tammie Bright
PAY0283,ORD0283,2026-08-04,750,success,Jessica Garcia
PAY0284,ORD0284,2026-08-08,1000,success,Shelia Wallace
PAY0285,ORD0285,2026-08-08,15000,success,Stephanie Williams
PAY0286,ORD0286,2026-08-09,20000,success,Elaine Brooks
PAY0287,ORD0287,2026-08-06,10000,success,Joseph Knight
PAY0288,ORD0288,2026-08-10,15000,success,Carolyn Miller
PAY0289,ORD0289,2026-08-07,15000,success,Lisa Allen
PAY0290,ORD0290,2026-08-08,1000,success,Briana Murray
PAY0291,ORD0291,2026-08-08,10000,success,David Smith
PAY0292,ORD0292,2026-08-05,1500,success,Stephanie Byrd
PAY0293,ORD0293,2026-08-11,2500,success,Jeremy Reed
PAY0294,ORD0294,2026-08-09,10000,success,Margaret Coleman
PAY0295,ORD0295,2026-08-11,1500,success,Ryan Gonzalez
PAY0296,ORD0296,2026-08-05,10000,success,John Young
PAY0297,ORD0297,2026-08-02,2500,success,Laura Haney
PAY0298,ORD0298,2026-08-04,2500,success,William Barrett
PAY0299,ORD0299,2026-08-06,5000,success,Keith Jennings
PAY0300,ORD0300,2026-08-09,750,success,Amber Obrien
PAY0301,ORD0301,2026-08-03,1000,success,Tanner Mitchell DDS
PAY0302,ORD0302,2026-08-04,7500,success,Heather Fields
PAY0303,ORD0303,2026-08-03,1500,success,Megan Le
PAY0304,ORD0304,2026-08-02,7500,success,Sara Fuller
PAY0305,ORD0305,2026-08-07,5000,success,Maria Parker
PAY0306,ORD0306,2026-08-09,10000,success,Kevin Oconnor
PAY0307,ORD0307,2026-08-07,500,success,Edward Burgess
PAY0308,ORD0308,2026-08-04,7500,success,Carlos Ryan
PAY0309,ORD0309,2026-08-07,20000,success,Kiara Mcintyre
PAY0310,ORD0310,2026-08-01,20000,success,Dawn Summers
PAY0311,ORD0311,2026-08-07,10000,success,Dr. Paul Morgan
PAY0312,ORD0312,2026-08-01,5000,success,Victor Taylor
PAY0313,ORD0313,2026-08-05,7500,success,Shannon Ramsey
PAY0314,ORD0314,2026-08-07,15000,success,Tracy Ballard
PAY0315,ORD0315,2026-08-09,20000,success,Richard Smith
PAY0316,ORD0316,2026-08-04,10000,success,Jordan Chambers
PAY0317,ORD0317,2026-08-04,2500,success,Lauren Carson
PAY0318,ORD0318,2026-08-07,10000,success,Ashley Hall
PAY0319,ORD0319,2026-08-01,7500,success,Stephen Hoffman
PAY0320,ORD0320,2026-08-06,7500,success,Connie Brown
PAY0321,ORD0321,2026-08-03,10000,success,Susan Turner
PAY0322,ORD0322,2026-08-03,20000,success,Charles Shah
PAY0323,ORD0323,2026-08-09,500,success,Johnathan Davis
PAY0324,ORD0324,2026-08-07,20000,success,Brandy Chavez
PAY0325,ORD0325,2026-08-10,500,success,Natalie Bautista
PAY0326,ORD0326,2026-08-02,7500,success,Patrick Moore
PAY0327,ORD0327,2026-08-03,10000,success,Brett Burns
PAY0328,ORD0328,2026-08-03,500,success,Trevor Johnson
PAY0329,ORD0329,2026-08-05,7500,success,Jeremy Sampson
PAY0330,ORD0330,2026-08-06,1500,success,Ariana Jennings
PAY0331,ORD0331,2026-08-08,5000,success,Vanessa Howard
PAY0332,ORD0332,2026-08-06,7500,success,Colton Martinez
PAY0333,ORD0333,2026-08-05,7500,success,Jordan Bates
PAY0334,ORD0334,2026-08-05,750,success,Linda Smith
PAY0335,ORD0335,2026-08-08,500,success,Dana Martinez
PAY0336,ORD0336,2026-08-09,500,success,Andrea Hubbard
PAY0337,ORD0337,2026-08-06,1500,success,Daniel Kane
PAY0338,ORD0338,2026-08-11,750,success,Charles Lester
PAY0339,ORD0339,2026-08-11,500,success,Scott Thomas
PAY0340,ORD0340,2026-08-01,1500,success,David Thompson
PAY0341,ORD0341,2026-08-04,500,success,Allison Smith
PAY0342,ORD0342,2026-08-10,1000,success,Cynthia Morris
PAY0343,ORD0343,2026-08-04,1000,success,Anthony Harmon
PAY0344,ORD0344,2026-08-08,750,success,Nichole Alvarez
PAY0345,ORD0345,2026-08-10,1500,success,Kayla Rodriguez
PAY0346,ORD0346,2026-08-08,2500,success,Theresa Williams
PAY0347,ORD0347,2026-08-06,1000,success,Sharon Boyd
PAY0348,ORD0348,2026-08-10,20000,success,Victor Brown
PAY0349,ORD0349,2026-08-02,1000,success,James Parks
PAY0350,ORD0350,2026-08-05,750,success,Theodore Jones Jr.
PAY0351,ORD0351,2026-08-10,500,success,Ana Hill
PAY0352,ORD0352,2026-08-05,20000,success,Kimberly Nguyen
PAY0353,ORD0353,2026-08-11,7500,success,Kerry Chavez DDS
PAY0354,ORD0354,2026-08-07,1500,success,Michael Farrell
PAY0355,ORD0355,2026-08-02,20000,success,Patricia Le
PAY0356,ORD0356,2026-08-11,1500,success,Jesse Perez
PAY0357,ORD0357,2026-08-02,2500,success,Jesse Perry
PAY0358,ORD0358,2026-08-11,20000,success,Jeffery Ortega
PAY0359,ORD0359,2026-08-02,20000,success,Christian Leblanc
PAY0360,ORD0360,2026-08-01,5000,success,Ronald Davis
PAY0361,ORD0361,2026-08-09,7500,success,Parker Cain
PAY0362,ORD0362,2026-08-11,5000,success,Laurie Hoffman
PAY0363,ORD0363,2026-08-02,15000,success,Bryan Gomez
PAY0364,ORD0364,2026-08-11,5000,success,Nicole Parrish
PAY0365,ORD0365,2026-08-01,7500,success,Tracy Burke
PAY0366,ORD0366,2026-08-08,750,success,Kenneth Lewis
PAY0367,ORD0367,2026-08-07,5000,success,Courtney Rodriguez
PAY0368,ORD0368,2026-08-11,10000,success,Holly Farmer
PAY0369,ORD0369,2026-08-03,7500,success,Renee Bruce
PAY0370,ORD0370,2026-08-03,15000,success,Sabrina Austin
PAY0371,ORD0371,2026-08-11,2500,success,Allison Hickman
PAY0372,ORD0372,2026-08-10,15000,success,Debra White
PAY0373,ORD0373,2026-08-08,10000,success,Ellen Morgan
PAY0374,ORD0374,2026-08-07,20000,success,Sergio Knight
PAY0375,ORD0375,2026-08-05,5000,success,Charles Schultz
PAY0376,ORD0376,2026-08-04,750,success,Paul Lewis
PAY0377,ORD0377,2026-08-05,10000,success,Glen Wood
PAY0378,ORD0378,2026-08-04,10000,success,Paula Bradley
PAY0379,ORD0379,2026-08-10,20000,success,Anthony Moore
PAY0380,ORD0380,2026-08-11,7500,success,Megan Nelson
PAY0381,ORD0381,2026-08-06,500,success,Karla Ramos
PAY0382,ORD0382,2026-08-08,5000,success,Paul Wilson
PAY0383,ORD0383,2026-08-03,10000,success,Douglas Gregory
PAY0384,ORD0384,2026-08-04,5000,success,Mr. Andrew Foster
PAY0385,ORD0385,2026-08-05,5000,success,Aimee Turner
PAY0386,ORD0386,2026-08-05,20000,success,Chad Scott
PAY0387,ORD0387,2026-08-05,15000,success,Adam Burgess
PAY0388,ORD0388,2026-08-01,15000,success,James Padilla
PAY0389,ORD0389,2026-08-04,750,success,Sandra Drake
PAY0390,ORD0390,2026-08-04,7500,success,Scott Williams
PAY0391,ORD0391,2026-08-08,15000,success,Thomas Atkins
PAY0392,ORD0392,2026-08-04,10000,success,Laura Mckinney
PAY0393,ORD0393,2026-08-11,10000,success,Brian Smith
PAY0394,ORD0394,2026-08-08,500,success,Robert Montgomery
PAY0395,ORD0395,2026-08-02,2500,success,Tamara Davis
PAY0396,ORD0396,2026-08-04,7500,success,Dana Chapman
PAY0397,ORD0397,2026-08-04,2500,success,Jennifer Collins
PAY0398,ORD0398,2026-08-11,20000,success,Gary Jackson
PAY0399,ORD0399,2026-08-06,10000,success,Ashley Hicks
PAY0400,ORD0400,2026-08-09,15000,success,Hannah Luna
PAY0401,ORD0401,2026-08-06,7500,success,Robin Young
PAY0402,ORD0402,2026-08-09,5000,success,Craig Morrison
PAY0403,ORD0403,2026-08-06,10000,success,Mary Thompson
PAY0404,ORD0404,2026-08-05,2500,success,Kathleen Webster
PAY0405,ORD0405,2026-08-05,1500,success,Joann Glass
PAY0406,ORD0406,2026-08-02,1500,success,Madison Weber
PAY0407,ORD0407,2026-08-06,750,success,Lori Hernandez
PAY0408,ORD0408,2026-08-09,1000,success,Jeremy Turner
PAY0409,ORD0409,2026-08-04,1500,success,Anthony Romero
PAY0410,ORD0410,2026-08-08,2500,success,Jesse Brown
PAY0411,ORD0411,2026-08-10,15000,success,Angela Lin
PAY0412,ORD0412,2026-08-10,2500,success,Lisa Hunter
PAY0413,ORD0413,2026-08-02,1500,success,Julian Conner
PAY0414,ORD0414,2026-08-05,1500,success,Joanna Pacheco
PAY0415,ORD0415,2026-08-06,1000,success,Erica Alvarez
PAY0416,ORD0416,2026-08-05,500,success,Antonio Garcia
PAY0417,ORD0417,2026-08-09,1000,success,Gwendolyn Klein
PAY0418,ORD0418,2026-08-05,500,success,Carrie Wright
PAY0419,ORD0419,2026-08-01,15000,success,Jeffrey Mills
PAY0420,ORD0420,2026-08-05,1000,success,Jake Campbell
PAY0421,ORD0421,2026-08-11,10000,success,George Harper
PAY0422,ORD0422,2026-08-02,500,success,Maria Jones
PAY0423,ORD0423,2026-08-10,2500,success,Michael Mitchell
PAY0424,ORD0424,2026-08-08,10000,success,Mary Escobar
PAY0425,ORD0425,2026-08-08,5000,success,Felicia Aguilar
PAY0426,ORD0426,2026-08-03,500,success,Gregory Ponce
PAY0427,ORD0427,2026-08-05,10000,success,Jenna Larson
PAY0428,ORD0428,2026-08-02,750,success,Emily Bennett
PAY0429,ORD0429,2026-08-07,10000,success,Robin Santiago
PAY0430,ORD0430,2026-08-02,20000,success,Nancy Jennings
PAY0431,ORD0431,2026-08-11,500,success,Maria Henderson
PAY0432,ORD0432,2026-08-03,1000,success,Jack White
PAY0433,ORD0433,2026-08-10,2500,success,Travis Tucker
PAY0434,ORD0434,2026-08-02,1500,success,Chad Jones
PAY0435,ORD0435,2026-08-02,15000,success,Ashley Wise
PAY0436,ORD0436,2026-08-07,20000,success,Sophia Johnson
PAY0437,ORD0437,2026-08-10,20000,success,Ralph Anderson
PAY0438,ORD0438,2026-08-04,15000,success,Christopher Guerra
PAY0439,ORD0439,2026-08-07,10000,success,Rhonda Martin
PAY0440,ORD0440,2026-08-08,2500,success,Jason Rhodes
PAY0441,ORD0441,2026-08-10,7500,success,Jeremy Mitchell
PAY0442,ORD0442,2026-08-05,20000,success,Joann Ferguson
PAY0443,ORD0443,2026-08-10,500,success,Robert Harrison
PAY0444,ORD0444,2026-08-10,750,success,Holly Valentine
PAY0445,ORD0445,2026-08-04,1500,success,Mrs. Diane Reyes
PAY0446,ORD0446,2026-08-05,750,success,Tracy Montoya
PAY0447,ORD0447,2026-08-03,1500,success,Brenda Wright
PAY0448,ORD0448,2026-08-03,15000,success,Shelly Spencer
PAY0449,ORD0449,2026-08-02,1000,success,Ryan Rosales
PAY0450,ORD0450,2026-08-01,7500,success,Phillip Nelson
PAY0451,ORD0451,2026-08-08,20000,success,Brittany Kim
PAY0452,ORD0452,2026-08-08,2500,success,Courtney Hayes
PAY0453,ORD0453,2026-08-01,1500,success,Alexander Brown
PAY0454,ORD0454,2026-08-05,2500,success,Cynthia Vang
PAY0455,ORD0455,2026-08-08,750,success,Alfred Galvan
PAY0456,ORD0456,2026-08-11,1500,success,Marie Moody
PAY0457,ORD0457,2026-08-05,20000,success,Dustin Gallegos
PAY0458,ORD0458,2026-08-11,1500,success,Brenda Thornton
PAY0459,ORD0459,2026-08-07,750,success,Aaron Miller
PAY0460,ORD0460,2026-08-09,1500,success,Ruben Dunn
PAY0461,ORD0461,2026-08-11,1000,success,Kelsey Rodriguez
PAY0462,ORD0462,2026-08-05,1000,success,Eric Williams
PAY0463,ORD0463,2026-08-02,500,success,Riley Bryant
PAY0464,ORD0464,2026-08-03,2500,success,Taylor Carlson
PAY0465,ORD0465,2026-08-10,20000,success,Jose Allen
PAY0466,ORD0466,2026-08-05,10000,success,Jeffrey Mendez
PAY0467,ORD0467,2026-08-02,10000,success,Jason Beck
PAY0468,ORD0468,2026-08-05,7500,success,William Jones
PAY0469,ORD0469,2026-08-05,15000,success,Katie Mcneil
PAY0470,ORD0470,2026-08-09,10000,success,Jeanette Harrison
PAY0471,ORD0471,2026-08-08,750,success,Veronica King
PAY0472,ORD0472,2026-08-10,500,success,Richard Cooper
PAY0473,ORD0473,2026-08-07,5000,success,Lori Ingram
PAY0474,ORD0474,2026-08-10,2500,success,Evelyn Williams
PAY0475,ORD0475,2026-08-01,750,success,Robin Thompson
PAY0476,ORD0476,2026-08-04,20000,success,Julie Dominguez
PAY0477,ORD0477,2026-08-10,500,success,Robin Brown
PAY0478,ORD0478,2026-08-11,2500,success,Judith Carter
PAY0479,ORD0479,2026-08-10,500,success,Curtis Williams
PAY0480,ORD0480,2026-08-03,10000,success,Kaylee Hays
PAY0481,ORD0481,2026-08-09,10000,success,Dawn Mullins
PAY0482,ORD0482,2026-08-05,1000,success,Howard Norman
PAY0483,ORD0483,2026-08-10,7500,success,Evelyn Martinez
PAY0484,ORD0484,2026-08-11,10000,success,Steve Paul
PAY0485,ORD0485,2026-08-02,10000,success,Jasmine Beltran
PAY0486,ORD0486,2026-08-06,7500,success,Jonathan Glass MD
PAY0487,ORD0487,2026-08-06,5000,success,Monica Miller
PAY0488,ORD0488,2026-08-11,750,success,Samantha Gardner
PAY0489,ORD0489,2026-08-03,5000,success,Bobby Guerrero
PAY0490,ORD0490,2026-08-07,10000,success,Lance Simmons
PAY0491,ORD0491,2026-08-05,7500,success,Heather Williams
PAY0492,ORD0492,2026-08-09,500,success,Heather Bolton
PAY0493,ORD0493,2026-08-08,750,success,William Gould
PAY0494,ORD0494,2026-08-06,2500,success,Mark Cox
PAY0495,ORD0495,2026-08-06,750,success,Meghan Cisneros
PAY0496,ORD0496,2026-08-07,15000,success,Lawrence Harrington
PAY0497,ORD0497,2026-08-01,15000,success,Austin Osborne
PAY0498,ORD0498,2026-08-08,7500,success,James Bradley
PAY0499,ORD0499,2026-08-01,1500,success,Meghan Rush
PAY0500,ORD0500,2026-08-09,5000,success,Phillip Berry
